,timestamp,humidity,temperature,P1,P2,S5so2,S5no2,co,no2,o3
0,2018-05-31,62.59825918762089,24.20909090909091,23.17051344743276,12.748748166259167,Nairobi/S5-so2-data/2018-05-31.jpeg,Nairobi/S5-no2-data/2018-05-31.jpeg,0.0227678272873163,3.08657360549e-05,0.0
1,2018-06-04,76.06082474226804,21.97491408934708,26.92842439644219,13.924066073697585,Nairobi/S5-so2-data/2018-06-04.jpeg,Nairobi/S5-no2-data/2018-06-04.jpeg,0.0,0.0,0.0
2,2018-06-05,81.06296296296296,21.18148148148148,65.87982178217823,44.12351155115511,Nairobi/S5-so2-data/2018-06-05.jpeg,Nairobi/S5-no2-data/2018-06-05.jpeg,0.0,0.0,0.0
3,2018-06-06,81.81987179487179,19.84935897435897,18.307801857585137,12.011529411764704,Nairobi/S5-so2-data/2018-06-06.jpeg,Nairobi/S5-no2-data/2018-06-06.jpeg,0.0,0.0,0.0
4,2018-06-08,85.4020304568528,19.26802030456853,29.25137685134393,20.07805814591333,Nairobi/S5-so2-data/2018-06-08.jpeg,Nairobi/S5-no2-data/2018-06-08.jpeg,0.0245524438098073,0.0,0.0
5,2018-06-09,80.96496674057649,19.49933481152993,37.75601123595506,21.67422796181921,Nairobi/S5-so2-data/2018-06-09.jpeg,Nairobi/S5-no2-data/2018-06-09.jpeg,0.0232232565060257,0.0,0.0
6,2018-06-17,87.6029411764706,18.73014705882353,145.7367384333486,110.47499770957398,Nairobi/S5-so2-data/2018-06-17.jpeg,Nairobi/S5-no2-data/2018-06-17.jpeg,0.0238874583505094,0.0,0.0
7,2018-06-18,91.2615803814714,18.165395095367845,93.41585626911316,52.25636595310908,Nairobi/S5-so2-data/2018-06-18.jpeg,Nairobi/S5-no2-data/2018-06-18.jpeg,0.0223162488213607,0.0,0.0
8,2018-06-19,90.67310344827588,17.986896551724136,126.48479934029687,70.63100054975261,Nairobi/S5-so2-data/2018-06-19.jpeg,Nairobi/S5-no2-data/2018-06-19.jpeg,0.023919806536287,0.0,0.0
9,2018-06-20,46.65193798449613,23.69767441860465,209.4091732522797,115.43386018237082,Nairobi/S5-so2-data/2018-06-20.jpeg,Nairobi/S5-no2-data/2018-06-20.jpeg,0.0,0.0,0.0
10,2018-06-21,71.88293838862559,20.70047393364929,203.27013638843425,97.70823786142935,Nairobi/S5-so2-data/2018-06-21.jpeg,Nairobi/S5-no2-data/2018-06-21.jpeg,0.0224937666207551,0.0,0.0
11,2018-06-22,52.04853713428357,23.07449362340585,222.4632081097197,119.97767441860464,Nairobi/S5-so2-data/2018-06-22.jpeg,Nairobi/S5-no2-data/2018-06-22.jpeg,0.0208656494505703,0.0,0.0
12,2018-06-23,67.04153005464481,21.77650273224044,73.42514306676449,42.34142333088775,Nairobi/S5-so2-data/2018-06-23.jpeg,Nairobi/S5-no2-data/2018-06-23.jpeg,0.0202160086482763,1.54746555511e-05,0.0
13,2018-06-24,65.07376093294461,22.288338192419825,19.59284106891701,13.66902953586498,Nairobi/S5-so2-data/2018-06-24.jpeg,Nairobi/S5-no2-data/2018-06-24.jpeg,0.0203621171947036,0.0,0.0
14,2018-06-25,79.18172413793104,19.27,137.244398364486,79.0038609813084,Nairobi/S5-so2-data/2018-06-25.jpeg,Nairobi/S5-no2-data/2018-06-25.jpeg,0.0,0.0,0.0
15,2018-06-28,51.640916808149406,22.549490662139217,181.8948548662493,102.78843483210017,Nairobi/S5-so2-data/2018-06-28.jpeg,Nairobi/S5-no2-data/2018-06-28.jpeg,0.0221995801664888,3.08494647545e-05,0.0
16,2018-06-29,56.22580987785449,22.26946362187998,115.4619822346891,57.1103366058906,Nairobi/S5-so2-data/2018-06-29.jpeg,Nairobi/S5-no2-data/2018-06-29.jpeg,0.0228316403925418,0.0,0.0
17,2018-06-30,68.88423019431988,21.06203288490284,89.39864853556485,39.49183340309753,Nairobi/S5-so2-data/2018-06-30.jpeg,Nairobi/S5-no2-data/2018-06-30.jpeg,0.0226179931312799,0.0,0.0
18,2018-07-02,62.54338164251208,21.53355866731048,72.33745188284519,27.9012719665272,Nairobi/S5-so2-data/2018-07-02.jpeg,Nairobi/S5-no2-data/2018-07-02.jpeg,0.0217439430765807,0.0,0.0
19,2018-07-04,77.52983316977428,19.09430814524043,85.74112667091025,35.08462126034373,Nairobi/S5-so2-data/2018-07-04.jpeg,Nairobi/S5-no2-data/2018-07-04.jpeg,0.0215958150635872,0.0,0.0
20,2018-07-05,70.22264875239924,19.607884615384616,61.76420856610801,18.20220980757293,Nairobi/S5-so2-data/2018-07-05.jpeg,Nairobi/S5-no2-data/2018-07-05.jpeg,0.0210597874596715,0.0,0.0
21,2018-07-06,57.81233766233766,20.704545454545453,103.00744876325088,35.88485512367491,Nairobi/S5-so2-data/2018-07-06.jpeg,Nairobi/S5-no2-data/2018-07-06.jpeg,0.0,0.0,0.0
22,2018-07-08,57.15702479338843,21.285123966942148,94.77594070695552,20.87047890535917,Nairobi/S5-so2-data/2018-07-08.jpeg,Nairobi/S5-no2-data/2018-07-08.jpeg,0.0205009010221277,1.73060202192e-05,0.0
23,2018-07-09,61.44150197628458,21.05098814229249,68.90469656992084,16.892269129287598,Nairobi/S5-so2-data/2018-07-09.jpeg,Nairobi/S5-no2-data/2018-07-09.jpeg,0.0206608506029143,0.0,0.0
24,2018-07-10,65.088,20.906,144.6837583518931,83.71786191536748,Nairobi/S5-so2-data/2018-07-10.jpeg,Nairobi/S5-no2-data/2018-07-10.jpeg,0.0187660306692123,0.0,0.0
25,2018-07-11,73.1879120879121,19.59010989010989,218.9353399765533,147.238856975381,Nairobi/S5-so2-data/2018-07-11.jpeg,Nairobi/S5-no2-data/2018-07-11.jpeg,0.0203470985094706,0.0,0.0
26,2018-07-12,63.48356164383562,21.011301369863013,155.24232,101.86083076923076,Nairobi/S5-so2-data/2018-07-12.jpeg,Nairobi/S5-no2-data/2018-07-12.jpeg,0.0196233958833747,0.0,0.0
27,2018-07-13,75.44934782608695,19.520217391304342,19.43115359688917,11.726915100453663,Nairobi/S5-so2-data/2018-07-13.jpeg,Nairobi/S5-no2-data/2018-07-13.jpeg,0.0216528303921222,0.0,0.0
28,2018-07-14,75.49560155239327,19.496248382923675,18.0625315614618,11.16821926910299,Nairobi/S5-so2-data/2018-07-14.jpeg,Nairobi/S5-no2-data/2018-07-14.jpeg,0.0208028974727942,0.0,0.0
29,2018-07-15,73.77542768273717,19.92612752721617,21.121252100840337,15.13109243697479,Nairobi/S5-so2-data/2018-07-15.jpeg,Nairobi/S5-no2-data/2018-07-15.jpeg,0.0219123104587197,0.0,0.0
30,2018-07-16,57.28339160839161,21.670541958041955,59.67692822966507,30.09222966507177,Nairobi/S5-so2-data/2018-07-16.jpeg,Nairobi/S5-no2-data/2018-07-16.jpeg,0.0199219994246959,0.0,0.0
31,2018-07-17,54.78845454545455,21.655727272727272,80.23373973727422,45.96334975369458,Nairobi/S5-so2-data/2018-07-17.jpeg,Nairobi/S5-no2-data/2018-07-17.jpeg,0.0219380969181656,2.29003301418e-05,0.0
32,2018-07-18,60.11046831955922,20.13402203856749,35.6982302771855,16.322413646055438,Nairobi/S5-so2-data/2018-07-18.jpeg,Nairobi/S5-no2-data/2018-07-18.jpeg,0.0,0.0,0.0
33,2018-07-20,66.35187436676799,19.81681864235056,34.45657410881801,17.22923076923077,Nairobi/S5-so2-data/2018-07-20.jpeg,Nairobi/S5-no2-data/2018-07-20.jpeg,0.0237975539639592,0.0,0.0
34,2018-07-21,68.10999180999181,19.07911547911548,112.98816155988858,90.18422353760444,Nairobi/S5-so2-data/2018-07-21.jpeg,Nairobi/S5-no2-data/2018-07-21.jpeg,0.0251224655658006,0.0,0.0
35,2018-07-22,68.0385813148789,19.215138408304497,133.06417867435158,112.67201008645532,Nairobi/S5-so2-data/2018-07-22.jpeg,Nairobi/S5-no2-data/2018-07-22.jpeg,0.0,0.0,0.0
36,2018-07-23,68.16275862068966,19.081576354679804,62.39229575163399,41.0252205882353,Nairobi/S5-so2-data/2018-07-23.jpeg,Nairobi/S5-no2-data/2018-07-23.jpeg,0.0212981251999735,0.0,0.0
37,2018-07-24,65.7026026026026,19.29259259259259,28.656632274040447,16.82735755573906,Nairobi/S5-so2-data/2018-07-24.jpeg,Nairobi/S5-no2-data/2018-07-24.jpeg,0.0222372706979513,0.0,0.0
38,2018-07-25,64.5739984882842,18.47868480725624,28.47942083618917,13.741411925976696,Nairobi/S5-so2-data/2018-07-25.jpeg,Nairobi/S5-no2-data/2018-07-25.jpeg,0.0216256567676152,0.0,0.0
39,2018-07-26,64.89557130203721,18.531000885739594,16.785723364485982,10.15296448598131,Nairobi/S5-so2-data/2018-07-26.jpeg,Nairobi/S5-no2-data/2018-07-26.jpeg,0.0,0.0,0.0
40,2018-07-29,72.96149029430181,19.27715894868586,17.63903120936281,12.579765853658536,Nairobi/S5-so2-data/2018-07-29.jpeg,Nairobi/S5-no2-data/2018-07-29.jpeg,0.0236755212768912,0.0,0.0
41,2018-07-30,74.39483204134368,19.82766287487073,64.95656667656668,50.03127040664886,Nairobi/S5-so2-data/2018-07-30.jpeg,Nairobi/S5-no2-data/2018-07-30.jpeg,0.0236642137169837,0.0,0.0
42,2018-07-31,75.19374255065554,19.8058014354067,25.590051515151515,18.076969514035618,Nairobi/S5-so2-data/2018-07-31.jpeg,Nairobi/S5-no2-data/2018-07-31.jpeg,0.0220811956562101,0.0,0.0
43,2018-08-01,67.93269938650307,20.55159509202453,21.844445219818564,13.506059336823736,Nairobi/S5-so2-data/2018-08-01.jpeg,Nairobi/S5-no2-data/2018-08-01.jpeg,0.022384164109826,3.28316746163e-05,0.0
44,2018-08-02,65.02683706070287,20.490543130990417,26.036706631697264,15.112124391157735,Nairobi/S5-so2-data/2018-08-02.jpeg,Nairobi/S5-no2-data/2018-08-02.jpeg,0.0231403904035687,5.11340870161e-05,0.0
45,2018-08-05,66.12727797001153,19.18192840646651,28.13531590413944,17.411538126361656,Nairobi/S5-so2-data/2018-08-05.jpeg,Nairobi/S5-no2-data/2018-08-05.jpeg,0.0,0.0,0.0
46,2018-08-06,60.84635897435897,19.93097435897436,21.21960625,10.74415,Nairobi/S5-so2-data/2018-08-06.jpeg,Nairobi/S5-no2-data/2018-08-06.jpeg,0.0244637869298458,4.69730321128e-05,0.0
47,2018-08-08,55.831598062954,20.67429378531073,36.997606759534136,18.353777118063487,Nairobi/S5-so2-data/2018-08-08.jpeg,Nairobi/S5-no2-data/2018-08-08.jpeg,0.0,0.0,0.0
48,2018-08-10,67.51658566221143,19.06230255164034,28.974726000777306,16.25426933540614,Nairobi/S5-so2-data/2018-08-10.jpeg,Nairobi/S5-no2-data/2018-08-10.jpeg,0.0210516484160172,0.0,0.0
49,2018-08-12,65.03021911138161,18.82306054152723,12.85460231135282,5.7460344436891,Nairobi/S5-so2-data/2018-08-12.jpeg,Nairobi/S5-no2-data/2018-08-12.jpeg,0.0200838080607354,0.0,0.0
50,2018-08-13,67.64364111498259,18.23336236933798,22.707223449106603,10.595278056615138,Nairobi/S5-so2-data/2018-08-13.jpeg,Nairobi/S5-no2-data/2018-08-13.jpeg,0.0205253465101122,0.0,0.0
51,2018-08-16,72.31068152031455,17.988466579292268,26.499541621621624,14.758115002161691,Nairobi/S5-so2-data/2018-08-16.jpeg,Nairobi/S5-no2-data/2018-08-16.jpeg,0.0251376183910502,0.0,0.0
52,2018-08-18,69.20811164413433,19.114435237679896,15.614276552077987,8.232077455757887,Nairobi/S5-so2-data/2018-08-18.jpeg,Nairobi/S5-no2-data/2018-08-18.jpeg,0.0,0.0,0.0
53,2018-08-19,67.50594135802469,19.51613400077012,14.873296470588237,8.532129411764707,Nairobi/S5-so2-data/2018-08-19.jpeg,Nairobi/S5-no2-data/2018-08-19.jpeg,0.023352988064289,0.0,0.0
54,2018-08-20,61.3,20.13995578889196,16.80481642694928,9.054110522331566,Nairobi/S5-so2-data/2018-08-20.jpeg,Nairobi/S5-no2-data/2018-08-20.jpeg,0.0255732900021891,0.0,0.0
55,2018-08-21,61.14717534849596,20.04758064516129,20.33610076488194,10.701989354624086,Nairobi/S5-so2-data/2018-08-21.jpeg,Nairobi/S5-no2-data/2018-08-21.jpeg,0.0248770171776413,0.0,0.0
56,2018-08-23,68.80723140495867,19.74693118412895,27.76094561276287,15.235511033681766,Nairobi/S5-so2-data/2018-08-23.jpeg,Nairobi/S5-no2-data/2018-08-23.jpeg,0.0,0.0,0.1202512305850783
57,2018-08-24,64.93995994902603,20.29938103040233,20.991497283688883,12.280121902742811,Nairobi/S5-so2-data/2018-08-24.jpeg,Nairobi/S5-no2-data/2018-08-24.jpeg,0.0,0.0,0.1217976845800876
58,2018-08-25,59.31689874505759,21.503145410794087,13.560456919060051,7.105202402716114,Nairobi/S5-so2-data/2018-08-25.jpeg,Nairobi/S5-no2-data/2018-08-25.jpeg,0.0,0.0,0.1203540979574124
59,2018-08-26,66.22495114006514,20.83871335504886,11.962210759027268,6.839922623434046,Nairobi/S5-so2-data/2018-08-26.jpeg,Nairobi/S5-no2-data/2018-08-26.jpeg,0.0256650350056588,0.0,0.1199842152806619
60,2018-08-28,79.57666541916169,19.00545215266028,32.3612943688284,20.3318743301179,Nairobi/S5-so2-data/2018-08-28.jpeg,Nairobi/S5-no2-data/2018-08-28.jpeg,0.0265900643231968,0.0,0.1223310409113764
61,2018-08-29,73.40159371015726,18.46235668789809,22.77320120025269,13.963184110970996,Nairobi/S5-so2-data/2018-08-29.jpeg,Nairobi/S5-no2-data/2018-08-29.jpeg,0.023719074204564,0.0,0.1218089323180417
62,2018-08-30,64.33417221811004,19.24065201284268,20.233747506980453,11.89202921437031,Nairobi/S5-so2-data/2018-08-30.jpeg,Nairobi/S5-no2-data/2018-08-30.jpeg,0.0262936484068632,0.0,0.1217072543998559
63,2018-08-31,69.21817640047675,18.795251286110013,29.44413995974609,19.08188524590164,Nairobi/S5-so2-data/2018-08-31.jpeg,Nairobi/S5-no2-data/2018-08-31.jpeg,0.0293429315622363,0.0,0.1237598156246046
64,2018-09-01,75.77713267125031,18.01326712503183,26.432339006843304,16.294419094419094,Nairobi/S5-so2-data/2018-09-01.jpeg,Nairobi/S5-no2-data/2018-09-01.jpeg,0.0324747005806249,0.0,0.1251206042555471
65,2018-09-02,77.01472342733189,18.66282225237449,17.203695201933034,9.888319240724762,Nairobi/S5-so2-data/2018-09-02.jpeg,Nairobi/S5-no2-data/2018-09-02.jpeg,0.0337456953194406,0.0,0.1258272433963914
66,2018-09-04,66.44429231863442,20.510988620199143,24.806657519926823,13.72112766235463,Nairobi/S5-so2-data/2018-09-04.jpeg,Nairobi/S5-no2-data/2018-09-04.jpeg,0.0,0.0,0.1239449403559168
67,2018-09-08,58.858320332813314,20.86982063945932,22.41850825688073,9.782199596404327,Nairobi/S5-so2-data/2018-09-08.jpeg,Nairobi/S5-no2-data/2018-09-08.jpeg,0.0,1.31537875144e-05,0.1261892196101447
68,2018-09-11,58.58898183556405,21.6128591954023,17.751066454436927,7.7292043868394815,Nairobi/S5-so2-data/2018-09-11.jpeg,Nairobi/S5-no2-data/2018-09-11.jpeg,0.0272983603645116,1.40155146084e-05,0.1249872893095016
69,2018-09-14,62.79126535414475,21.78801846190104,19.45242557968044,9.24335902643224,Nairobi/S5-so2-data/2018-09-14.jpeg,Nairobi/S5-no2-data/2018-09-14.jpeg,0.0,2.37043232945e-05,0.1206500811191896
70,2018-09-15,58.29152466367713,21.49153983885408,18.57865119012636,8.861515107069522,Nairobi/S5-so2-data/2018-09-15.jpeg,Nairobi/S5-no2-data/2018-09-15.jpeg,0.0,1.09404682007e-05,0.1204312330422302
71,2018-09-19,56.60630064387307,21.993109764369464,23.68169775228875,15.334147965491391,Nairobi/S5-so2-data/2018-09-19.jpeg,Nairobi/S5-no2-data/2018-09-19.jpeg,0.0,3.01639296406e-05,0.1239024788762132
72,2018-09-22,64.94170095757639,20.818434723775685,18.7289275776176,8.057526070093568,Nairobi/S5-so2-data/2018-09-22.jpeg,Nairobi/S5-no2-data/2018-09-22.jpeg,0.0283754412084817,0.0,0.1253295342127482
73,2018-09-27,67.34042285799559,21.47745195444664,17.57116056413203,8.09422631289201,Nairobi/S5-so2-data/2018-09-27.jpeg,Nairobi/S5-no2-data/2018-09-27.jpeg,0.0,0.0,0.1216522844818731
74,2018-09-29,62.07229124201126,21.944607167849995,24.675872025874177,12.820809575476735,Nairobi/S5-so2-data/2018-09-29.jpeg,Nairobi/S5-no2-data/2018-09-29.jpeg,0.0,0.0,0.1216763822982709
75,2018-10-05,59.27856929017099,21.96651288595366,35.552611741700886,19.02863924865211,Nairobi/S5-so2-data/2018-10-05.jpeg,Nairobi/S5-no2-data/2018-10-05.jpeg,0.023711372166872,0.0,0.1232378965554138
76,2018-10-07,61.86600251093806,22.84483761676404,62.43333244798388,44.30171470330489,Nairobi/S5-so2-data/2018-10-07.jpeg,Nairobi/S5-no2-data/2018-10-07.jpeg,0.0239075972802109,3.21936722558e-05,0.1221938673406839
77,2018-10-08,70.20633361910379,21.825032904991737,35.00899123225296,21.67157563033537,Nairobi/S5-so2-data/2018-10-08.jpeg,Nairobi/S5-no2-data/2018-10-08.jpeg,0.0,0.0,0.1228119977749884
78,2018-10-09,71.33971126413182,21.22456906084029,28.635910314339345,19.627784426509383,Nairobi/S5-so2-data/2018-10-09.jpeg,Nairobi/S5-no2-data/2018-10-09.jpeg,0.023335904947349,0.0,0.1239169578378399
79,2018-10-10,62.39141476484384,21.66491348806173,19.20120077645192,11.267904479456258,Nairobi/S5-so2-data/2018-10-10.jpeg,Nairobi/S5-no2-data/2018-10-10.jpeg,0.0,0.0,0.1233351381185153
80,2018-10-12,57.07966591635399,22.75740079791347,38.50153625981442,22.822434107662325,Nairobi/S5-so2-data/2018-10-12.jpeg,Nairobi/S5-no2-data/2018-10-12.jpeg,0.0224793702363967,5.6058955162e-05,0.12401791025574
81,2018-10-14,62.08197528644811,23.421858975332498,15.711428793139795,6.867431445251712,Nairobi/S5-so2-data/2018-10-14.jpeg,Nairobi/S5-no2-data/2018-10-14.jpeg,0.0230535740653673,3.45407288064e-05,0.1258059206108252
82,2018-10-20,59.72922717659532,23.71548814138089,16.956583130773474,8.595128610006597,Nairobi/S5-so2-data/2018-10-20.jpeg,Nairobi/S5-no2-data/2018-10-20.jpeg,0.0224849066751844,1.53715289195e-05,0.1225282720600565
83,2018-10-23,75.88136861019473,19.937275645006977,15.73764310636856,9.517678983022597,Nairobi/S5-so2-data/2018-10-23.jpeg,Nairobi/S5-no2-data/2018-10-23.jpeg,0.0265115165384486,0.0,0.1233219921899338
84,2018-10-24,81.24993621728704,18.975149648476897,27.60761049692867,17.310032922817552,Nairobi/S5-so2-data/2018-10-24.jpeg,Nairobi/S5-no2-data/2018-10-24.jpeg,0.0279362648725509,0.0,0.1213695767025152
85,2018-10-25,88.35135332745557,18.940158996260905,24.79180376530793,15.29985129576566,Nairobi/S5-so2-data/2018-10-25.jpeg,Nairobi/S5-no2-data/2018-10-25.jpeg,0.0242489571683108,0.0,0.1187233900030454
86,2018-10-26,81.09389565861092,20.13921451390741,26.348649676051647,14.550143530171376,Nairobi/S5-so2-data/2018-10-26.jpeg,Nairobi/S5-no2-data/2018-10-26.jpeg,0.0,0.0,0.1200366681441664
87,2018-10-27,81.9698178031861,19.98855222826513,14.815350451946063,8.045365159786765,Nairobi/S5-so2-data/2018-10-27.jpeg,Nairobi/S5-no2-data/2018-10-27.jpeg,0.0215087784454226,0.0,0.1215353120739261
88,2018-11-04,67.59972437244363,22.034530856413355,16.010847475636297,9.709458418320043,Nairobi/S5-so2-data/2018-11-04.jpeg,Nairobi/S5-no2-data/2018-11-04.jpeg,0.025589997235399,1.457632813e-05,0.1243922257175048
89,2018-11-11,71.42036960260396,22.15339682580243,14.5680183574371,8.430315159116512,Nairobi/S5-so2-data/2018-11-11.jpeg,Nairobi/S5-no2-data/2018-11-11.jpeg,0.0,0.0,0.1215909286402165
90,2018-11-12,71.56660179407591,22.416779853508285,16.270009634276104,8.732010596850374,Nairobi/S5-so2-data/2018-11-12.jpeg,Nairobi/S5-no2-data/2018-11-12.jpeg,0.0235783727839589,1.90143783973e-05,0.1204099077731371
91,2018-11-13,71.55897193830397,22.062690380061653,16.62812280629264,9.474291513875473,Nairobi/S5-so2-data/2018-11-13.jpeg,Nairobi/S5-no2-data/2018-11-13.jpeg,0.0241351352073252,2.19409978605e-05,0.1214940859936177
92,2018-11-17,73.52750219237642,22.61921652198262,60.09956804366566,48.5249942744836,Nairobi/S5-so2-data/2018-11-17.jpeg,Nairobi/S5-no2-data/2018-11-17.jpeg,0.025024002417922,0.0,0.1206095695185164
93,2018-11-28,78.04237129185218,21.95765466476297,15.849652903010677,8.9380851114883,Nairobi/S5-so2-data/2018-11-28.jpeg,Nairobi/S5-no2-data/2018-11-28.jpeg,0.0284736208617687,2.30037119605e-05,0.1200866202513376
94,2018-11-29,81.61760532201264,21.629727218107217,26.50278138276648,18.164226005100108,Nairobi/S5-so2-data/2018-11-29.jpeg,Nairobi/S5-no2-data/2018-11-29.jpeg,0.0276969982577221,1.59121069474e-05,0.119957346158723
95,2018-11-30,71.25233677807071,21.73870936690526,14.60928437362309,7.958510281143335,Nairobi/S5-so2-data/2018-11-30.jpeg,Nairobi/S5-no2-data/2018-11-30.jpeg,0.0,1.52212122884e-05,0.1213021387035647
96,2018-12-02,79.7847642630585,21.02376554505609,10.737547030132054,6.656748053915929,Nairobi/S5-so2-data/2018-12-02.jpeg,Nairobi/S5-no2-data/2018-12-02.jpeg,0.0,0.0,0.117016047394524
97,2018-12-03,79.95400165898083,21.181406395964107,11.579244103668062,6.774331643828952,Nairobi/S5-so2-data/2018-12-03.jpeg,Nairobi/S5-no2-data/2018-12-03.jpeg,0.0265134710818529,1.46864203998e-05,0.1167701155257721
98,2018-12-06,70.86481097946073,23.57695424019965,18.84148508144287,11.600811491635922,Nairobi/S5-so2-data/2018-12-06.jpeg,Nairobi/S5-no2-data/2018-12-06.jpeg,0.0290609449148178,2.35066959937e-05,0.119239910505712
99,2018-12-10,82.07115252224673,21.28461169577092,21.365442141891048,13.172464235245965,Nairobi/S5-so2-data/2018-12-10.jpeg,Nairobi/S5-no2-data/2018-12-10.jpeg,0.0209524516354907,0.0,0.1158250357645253
100,2018-12-13,80.9141490299994,21.91095259487158,15.99382941592678,9.144545274332376,Nairobi/S5-so2-data/2018-12-13.jpeg,Nairobi/S5-no2-data/2018-12-13.jpeg,0.0,0.0,0.1135250851511955
101,2018-12-15,81.15890241100968,20.931657370063103,14.720857862974633,8.672999410714768,Nairobi/S5-so2-data/2018-12-15.jpeg,Nairobi/S5-no2-data/2018-12-15.jpeg,0.0,1.90205635135e-05,0.1139871788521607
102,2018-12-19,76.78695103377304,22.23870617120544,21.12117187670281,12.40151417259487,Nairobi/S5-so2-data/2018-12-19.jpeg,Nairobi/S5-no2-data/2018-12-19.jpeg,0.0218254253268241,0.0,0.1151842665858566
103,2018-12-20,71.02159276067637,22.25633166837204,20.70950200916929,9.926735837612451,Nairobi/S5-so2-data/2018-12-20.jpeg,Nairobi/S5-no2-data/2018-12-20.jpeg,0.0,0.0,0.1158986889446774
104,2018-12-23,73.42647487904766,22.413350782429863,13.586993164107673,6.582187413308188,Nairobi/S5-so2-data/2018-12-23.jpeg,Nairobi/S5-no2-data/2018-12-23.jpeg,0.0206440142110774,9.2452750183e-06,0.1176293667716284
105,2019-01-01,67.24531908291286,22.02545265050597,10.288656177095945,5.650486576590186,Nairobi/S5-so2-data/2019-01-01.jpeg,Nairobi/S5-no2-data/2019-01-01.jpeg,0.0245739667627372,1.27496804883e-05,0.1165947304107248
106,2019-01-04,85.9018320625211,20.497155965797205,9.772798279969368,5.868831532312568,Nairobi/S5-so2-data/2019-01-04.jpeg,Nairobi/S5-no2-data/2019-01-04.jpeg,0.0,0.0,0.1157796604869266
107,2019-01-08,66.22784245085334,22.79672016017613,16.115987835602503,8.229000346728451,Nairobi/S5-so2-data/2019-01-08.jpeg,Nairobi/S5-no2-data/2019-01-08.jpeg,0.0238803638145327,2.28687816642e-05,0.1169205196201801
108,2019-01-09,59.67703740921827,23.27748215864072,12.082085599857969,5.588112562625744,Nairobi/S5-so2-data/2019-01-09.jpeg,Nairobi/S5-no2-data/2019-01-09.jpeg,0.0234979344531893,1.10496501176e-05,0.1162639330141246
109,2019-02-18,50.79030534774844,26.06960391163332,19.57014860855668,6.980351730730975,Nairobi/S5-so2-data/2019-02-18.jpeg,Nairobi/S5-no2-data/2019-02-18.jpeg,0.0247714475728571,4.84578595584e-05,0.1186427416590352
110,2019-02-19,55.9507876194236,26.023714304743585,20.956031496066565,7.302581569996934,Nairobi/S5-so2-data/2019-02-19.jpeg,Nairobi/S5-no2-data/2019-02-19.jpeg,0.0249478318728506,3.40191993378e-05,0.1209190711379051
111,2019-02-20,62.23763168047576,24.797943298339845,18.46671551622149,6.233625487334929,Nairobi/S5-so2-data/2019-02-20.jpeg,Nairobi/S5-no2-data/2019-02-20.jpeg,0.0258210497467141,1.18871708079e-05,0.1199083138878146
112,2019-03-07,49.58177891426881,26.541569298361907,21.99551227470524,6.071110852314609,Nairobi/S5-so2-data/2019-03-07.jpeg,Nairobi/S5-no2-data/2019-03-07.jpeg,0.0247726250439882,4.27785629047e-05,0.1220993345292906
113,2019-04-03,61.0191837336802,25.637495705770533,19.241220243674785,6.692867426728934,Nairobi/S5-so2-data/2019-04-03.jpeg,Nairobi/S5-no2-data/2019-04-03.jpeg,0.0276391311333729,2.62879370135e-05,0.1236207626449565
114,2019-04-04,67.27935674995697,24.62155712708463,16.13140132204042,5.340765020317802,Nairobi/S5-so2-data/2019-04-04.jpeg,Nairobi/S5-no2-data/2019-04-04.jpeg,0.0,0.0,0.1237748477918406
115,2019-04-11,63.328953230071264,25.090404958441823,15.853373121286449,6.652098678355627,Nairobi/S5-so2-data/2019-04-11.jpeg,Nairobi/S5-no2-data/2019-04-11.jpeg,0.0,2.41463394104e-05,0.1228860217767457
116,2019-04-18,54.36891816196851,25.275371539613403,18.09997332069495,6.058578048047782,Nairobi/S5-so2-data/2019-04-18.jpeg,Nairobi/S5-no2-data/2019-04-18.jpeg,0.0273362992952267,2.65067117328e-05,0.1265358552336693
117,2019-04-21,67.47284384472407,25.43875529534929,6.4088533197157656,2.9327634980420947,Nairobi/S5-so2-data/2019-04-21.jpeg,Nairobi/S5-no2-data/2019-04-21.jpeg,0.0227963961660861,2.68718858743e-05,0.1245468254201114
118,2019-04-23,78.59776112085085,23.477100917271205,10.735248192019322,5.959683050869416,Nairobi/S5-so2-data/2019-04-23.jpeg,Nairobi/S5-no2-data/2019-04-23.jpeg,0.0,0.0,0.1185137328381339
119,2019-04-24,80.18063747032511,23.30764086128148,12.765357153786749,7.048542808003386,Nairobi/S5-so2-data/2019-04-24.jpeg,Nairobi/S5-no2-data/2019-04-24.jpeg,0.0228448159061372,6.78904543747e-05,0.1193563765846193
120,2019-04-26,82.61199304147313,22.9061145942182,8.28237753087768,4.914657405035704,Nairobi/S5-so2-data/2019-04-26.jpeg,Nairobi/S5-no2-data/2019-04-26.jpeg,0.018759346463614,0.0,0.1180458554687599
121,2019-04-30,79.39721131745145,21.99650388144921,9.115313291263275,5.350432845935165,Nairobi/S5-so2-data/2019-04-30.jpeg,Nairobi/S5-no2-data/2019-04-30.jpeg,0.0240146584808826,1.84080171703e-05,0.1223034532740712
122,2019-05-03,75.35599246166817,23.421301415498483,17.124814180403444,9.081209817061742,Nairobi/S5-so2-data/2019-05-03.jpeg,Nairobi/S5-no2-data/2019-05-03.jpeg,0.0208765566349029,2.53503460365e-05,0.1192717615825434
123,2019-05-10,83.31546187704438,22.17065028011512,16.51292306226496,7.366979688526895,Nairobi/S5-so2-data/2019-05-10.jpeg,Nairobi/S5-no2-data/2019-05-10.jpeg,0.0230458465061689,2.0570890999e-05,0.1213219226337969
124,2019-05-11,80.71363311673014,22.201921592418834,19.55031624331172,8.930056617834257,Nairobi/S5-so2-data/2019-05-11.jpeg,Nairobi/S5-no2-data/2019-05-11.jpeg,0.0216040384808653,0.0,0.120516105244557
125,2019-05-13,82.92895187714547,22.3688413206034,17.722068091338535,7.269551089606745,Nairobi/S5-so2-data/2019-05-13.jpeg,Nairobi/S5-no2-data/2019-05-13.jpeg,0.0,1.88809558733e-05,0.1222925308781365
126,2019-05-16,76.33535116588166,23.22388732180923,16.591010996334514,5.755788908876965,Nairobi/S5-so2-data/2019-05-16.jpeg,Nairobi/S5-no2-data/2019-05-16.jpeg,0.0,0.0,0.1217562090605497
127,2019-05-17,76.77049194004225,23.05880273901898,17.262222886578012,5.7482275118597,Nairobi/S5-so2-data/2019-05-17.jpeg,Nairobi/S5-no2-data/2019-05-17.jpeg,0.0219594881869852,1.42457584607e-05,0.1230276481558879
128,2019-05-18,90.32094218949554,20.76868709737339,21.29145973767317,10.6430651598044,Nairobi/S5-so2-data/2019-05-18.jpeg,Nairobi/S5-no2-data/2019-05-18.jpeg,0.0225884731858968,0.0,0.1219171897197763
129,2019-05-19,87.35144116116554,20.26182733909371,10.504809442053489,5.290312570889321,Nairobi/S5-so2-data/2019-05-19.jpeg,Nairobi/S5-no2-data/2019-05-19.jpeg,0.0,0.0,0.1206527572746078
130,2019-05-20,84.43030534447527,21.46315089856164,19.628920246540087,9.544974589577272,Nairobi/S5-so2-data/2019-05-20.jpeg,Nairobi/S5-no2-data/2019-05-20.jpeg,0.0230681741610169,0.0,0.1217688615433871
131,2019-05-23,87.97919902872606,21.44400102430936,13.705508870279846,6.502341030816139,Nairobi/S5-so2-data/2019-05-23.jpeg,Nairobi/S5-no2-data/2019-05-23.jpeg,0.0,0.0,0.119300282249848
132,2019-05-26,91.69529834814168,19.704915242296583,9.481698400618342,5.545995658726464,Nairobi/S5-so2-data/2019-05-26.jpeg,Nairobi/S5-no2-data/2019-05-26.jpeg,0.0211689217947423,0.0,0.1179126265148321
133,2019-05-27,85.07968993945987,20.679575422890167,16.932186598480207,8.75662574614771,Nairobi/S5-so2-data/2019-05-27.jpeg,Nairobi/S5-no2-data/2019-05-27.jpeg,0.018210313641108,0.0,0.1182312370898823
134,2019-05-29,84.45709621670797,21.046919591894977,19.130865573482016,8.96445319226306,Nairobi/S5-so2-data/2019-05-29.jpeg,Nairobi/S5-no2-data/2019-05-29.jpeg,0.0209739200378719,0.0,0.1155191644405325
135,2019-06-02,95.57932114177858,19.658601398243363,17.413166570344284,12.857318750864051,Nairobi/S5-so2-data/2019-06-02.jpeg,Nairobi/S5-no2-data/2019-06-02.jpeg,0.0,0.0,0.1184965277401109
136,2019-06-05,88.2678650115505,19.276893124859782,17.022508944411754,11.895240046388531,Nairobi/S5-so2-data/2019-06-05.jpeg,Nairobi/S5-no2-data/2019-06-05.jpeg,0.0302602052688598,0.0,0.1166053245154519
137,2019-06-06,87.42988779709586,19.93483340620836,14.195057068928064,9.293213106855235,Nairobi/S5-so2-data/2019-06-06.jpeg,Nairobi/S5-no2-data/2019-06-06.jpeg,0.0246731438674032,0.0,0.115612459834665
138,2019-06-07,83.89313468357199,20.670482979396706,20.637661120675865,10.793409314355644,Nairobi/S5-so2-data/2019-06-07.jpeg,Nairobi/S5-no2-data/2019-06-07.jpeg,0.0,0.0,0.1172815626487135
139,2019-06-09,88.76583031899729,19.08498850407534,9.701155808865964,6.55875445500929,Nairobi/S5-so2-data/2019-06-09.jpeg,Nairobi/S5-no2-data/2019-06-09.jpeg,0.0243793502449989,0.0,0.1165217077359557
140,2019-06-10,86.79929329787484,18.94974752442964,15.114685986826244,7.345187988407355,Nairobi/S5-so2-data/2019-06-10.jpeg,Nairobi/S5-no2-data/2019-06-10.jpeg,0.0246801897883415,0.0,0.1149080428294837
141,2019-06-11,82.80296231580722,19.8198287278962,16.311324753877923,8.16879179130062,Nairobi/S5-so2-data/2019-06-11.jpeg,Nairobi/S5-no2-data/2019-06-11.jpeg,0.0232568643055856,0.0,0.1163779220854242
142,2019-06-12,87.10022308958608,19.493436844955536,21.626404411208465,11.84052029043004,Nairobi/S5-so2-data/2019-06-12.jpeg,Nairobi/S5-no2-data/2019-06-12.jpeg,0.0213114831596612,0.0,0.1147864602195719
143,2019-06-14,85.25250673752807,20.46163458782424,15.370154069586055,7.2994305027764605,Nairobi/S5-so2-data/2019-06-14.jpeg,Nairobi/S5-no2-data/2019-06-14.jpeg,0.0233160695061087,0.0,0.1162287350744009
144,2019-06-15,86.98723327972446,19.567252420555143,17.20040816484752,8.530805114682545,Nairobi/S5-so2-data/2019-06-15.jpeg,Nairobi/S5-no2-data/2019-06-15.jpeg,0.0246272924356162,0.0,0.1144527397118508
145,2019-06-17,78.75771608322526,21.14630043343322,18.80650933401456,8.339470016443341,Nairobi/S5-so2-data/2019-06-17.jpeg,Nairobi/S5-no2-data/2019-06-17.jpeg,0.0204120752002511,5.18751458002e-05,0.1156216276188691
146,2019-06-18,84.05357877438551,19.85918746042107,31.06523930086094,15.02605708882199,Nairobi/S5-so2-data/2019-06-18.jpeg,Nairobi/S5-no2-data/2019-06-18.jpeg,0.0230548886582255,6.90005106662e-05,0.1158951631126304
147,2019-06-21,91.29133896547204,18.233541342791387,23.045388630757166,11.057120420745347,Nairobi/S5-so2-data/2019-06-21.jpeg,Nairobi/S5-no2-data/2019-06-21.jpeg,0.0223865904487096,0.0,0.1158311179218192
148,2019-06-28,85.66400006272966,20.94934860054487,22.2621473353582,12.675727474986134,Nairobi/S5-so2-data/2019-06-28.jpeg,Nairobi/S5-no2-data/2019-06-28.jpeg,0.0282440503889864,0.0,0.1214524670504033
149,2019-06-29,78.82854763226266,20.856871846358228,22.40637355032312,12.536030119929574,Nairobi/S5-so2-data/2019-06-29.jpeg,Nairobi/S5-no2-data/2019-06-29.jpeg,0.0244112579151988,2.81501830353e-05,0.1207657656632364
150,2019-07-01,73.65197802451398,22.09195174378076,20.368175050683504,8.087903102359256,Nairobi/S5-so2-data/2019-07-01.jpeg,Nairobi/S5-no2-data/2019-07-01.jpeg,0.0286614936776459,2.7189150665e-05,0.124098923522979
151,2019-07-02,77.28678864475765,21.3078957945708,20.25813086084396,9.005206177345395,Nairobi/S5-so2-data/2019-07-02.jpeg,Nairobi/S5-no2-data/2019-07-02.jpeg,0.025306804664433,0.0,0.1209412214035789
152,2019-07-03,81.54538971427438,20.472228078039617,17.48213455544266,7.431518857619891,Nairobi/S5-so2-data/2019-07-03.jpeg,Nairobi/S5-no2-data/2019-07-03.jpeg,0.0237457367281119,0.0,0.1223479930001
153,2019-07-09,71.98827248245576,21.55023982431077,29.16810877300733,19.371515077068228,Nairobi/S5-so2-data/2019-07-09.jpeg,Nairobi/S5-no2-data/2019-07-09.jpeg,0.0,2.04829730396e-05,0.1225937933971484
154,2019-07-13,72.4872972079755,20.176621596992515,22.399135880873384,12.22569354274758,Nairobi/S5-so2-data/2019-07-13.jpeg,Nairobi/S5-no2-data/2019-07-13.jpeg,0.0,0.0,0.1210559937171637
155,2019-07-27,68.51735471773318,20.08929210896464,24.12210964667732,13.62634579729227,Nairobi/S5-so2-data/2019-07-27.jpeg,Nairobi/S5-no2-data/2019-07-27.jpeg,0.0290935145070155,2.88364850921e-05,0.1186763532459735
156,2019-07-30,81.8017582709654,19.413831736857983,26.43405391169873,16.017059240531044,Nairobi/S5-so2-data/2019-07-30.jpeg,Nairobi/S5-no2-data/2019-07-30.jpeg,0.0,0.0,0.1182123318624993
157,2019-07-31,83.5589779160064,19.873253258099737,24.000917921386307,15.055100741144107,Nairobi/S5-so2-data/2019-07-31.jpeg,Nairobi/S5-no2-data/2019-07-31.jpeg,0.0205009579658508,0.0,0.1186301751683155
158,2019-08-01,75.47489962285218,21.38457612889583,21.398222006724808,12.73125966842298,Nairobi/S5-so2-data/2019-08-01.jpeg,Nairobi/S5-no2-data/2019-08-01.jpeg,0.0221722642891109,0.0,0.1197513877414167
159,2019-08-06,57.90892726205785,20.79255947728033,18.79563244882875,8.989346893759638,Nairobi/S5-so2-data/2019-08-06.jpeg,Nairobi/S5-no2-data/2019-08-06.jpeg,0.0,7.65384189766e-05,0.1198800609757502
160,2019-08-08,62.01293612554496,19.123858535055053,17.522003099022772,6.779488827647032,Nairobi/S5-so2-data/2019-08-08.jpeg,Nairobi/S5-no2-data/2019-08-08.jpeg,0.0225706729380523,0.0,0.1190078315945963
161,2019-08-10,62.185227586337184,18.98227433060382,13.808641376903962,6.4805492532281335,Nairobi/S5-so2-data/2019-08-10.jpeg,Nairobi/S5-no2-data/2019-08-10.jpeg,0.0,0.0,0.1173772743592659
162,2019-08-11,65.75630146322699,16.986637063456186,14.223442017342402,7.592821020138392,Nairobi/S5-so2-data/2019-08-11.jpeg,Nairobi/S5-no2-data/2019-08-11.jpeg,0.0215210124850273,0.0,0.1170024015009403
163,2019-08-14,62.773806705767605,17.796603414462076,18.59737761144313,9.007394744032892,Nairobi/S5-so2-data/2019-08-14.jpeg,Nairobi/S5-no2-data/2019-08-14.jpeg,0.0219274308532476,0.0,0.1188287228966752
164,2019-08-15,62.838419493483066,18.1353076171875,16.328063948526268,7.221354760348329,Nairobi/S5-so2-data/2019-08-15.jpeg,Nairobi/S5-no2-data/2019-08-15.jpeg,0.0256974860611889,0.0,0.1179756969213486
165,2019-08-16,69.59229354059043,18.871342021186656,21.76874278883031,9.241708834986856,Nairobi/S5-so2-data/2019-08-16.jpeg,Nairobi/S5-no2-data/2019-08-16.jpeg,0.0214038888923823,0.0,0.1183774854677419
166,2019-08-17,68.35564776505858,19.93782719247088,19.177183102370943,9.076170941205335,Nairobi/S5-so2-data/2019-08-17.jpeg,Nairobi/S5-no2-data/2019-08-17.jpeg,0.0228702915722832,0.0,0.1189583941983679
167,2019-08-18,76.04454596849732,20.471247368277066,16.744621556744022,8.815760081917745,Nairobi/S5-so2-data/2019-08-18.jpeg,Nairobi/S5-no2-data/2019-08-18.jpeg,0.0241541153440872,0.0,0.1201024522694448
168,2019-08-19,83.80987497397832,18.214142748287745,34.12343919510768,17.80126957180781,Nairobi/S5-so2-data/2019-08-19.jpeg,Nairobi/S5-no2-data/2019-08-19.jpeg,0.0241410096175968,0.0,0.117759581344823
169,2019-08-20,71.38428807017527,19.93872234348105,28.615429850194584,13.846008000107016,Nairobi/S5-so2-data/2019-08-20.jpeg,Nairobi/S5-no2-data/2019-08-20.jpeg,0.0243472668807953,0.0,0.1198177725697557
170,2019-08-24,83.0955812151173,19.71572051672519,20.255715068719955,10.582540671890396,Nairobi/S5-so2-data/2019-08-24.jpeg,Nairobi/S5-no2-data/2019-08-24.jpeg,0.0,0.0,0.1148761652099589
171,2019-09-04,80.15860638469404,23.608607312393325,20.0340527459131,10.893058162253023,Nairobi/S5-so2-data/2019-09-04.jpeg,Nairobi/S5-no2-data/2019-09-04.jpeg,0.0244208432734012,0.0,0.1176279787905514
172,2019-09-07,80.11099983355382,22.27021572121545,23.33461741688011,14.83906475721276,Nairobi/S5-so2-data/2019-09-07.jpeg,Nairobi/S5-no2-data/2019-09-07.jpeg,0.0234166989102959,0.0,0.1168978125788271
173,2019-09-08,79.38226099285595,20.178329306467173,25.609571261404263,17.170865787105548,Nairobi/S5-so2-data/2019-09-08.jpeg,Nairobi/S5-no2-data/2019-09-08.jpeg,0.0,0.0,0.1156967851954201
174,2019-09-11,72.7641185668066,21.90944662816668,14.934837870878331,6.891935852783936,Nairobi/S5-so2-data/2019-09-11.jpeg,Nairobi/S5-no2-data/2019-09-11.jpeg,0.0,0.0,0.1180419091445704
175,2019-09-15,65.22088780605056,22.652717883579115,18.964406389035148,9.656912308740177,Nairobi/S5-so2-data/2019-09-15.jpeg,Nairobi/S5-no2-data/2019-09-15.jpeg,0.0226730238646268,2.41301614541e-05,0.1177625722872714
176,2019-09-19,51.23062619855712,22.52739118914113,24.006622986321467,11.253425388062922,Nairobi/S5-so2-data/2019-09-19.jpeg,Nairobi/S5-no2-data/2019-09-19.jpeg,0.0285360119822952,4.13378166683e-05,0.1176906318093339
177,2019-09-21,56.49218393685536,23.38809633983383,21.328852463806395,10.311510664092609,Nairobi/S5-so2-data/2019-09-21.jpeg,Nairobi/S5-no2-data/2019-09-21.jpeg,0.0,3.27511164729e-05,0.1178741374363502
178,2019-09-22,62.332626802242565,22.024725152313007,15.733726594714618,8.117731899790813,Nairobi/S5-so2-data/2019-09-22.jpeg,Nairobi/S5-no2-data/2019-09-22.jpeg,0.0,0.0,0.1172081436961889
179,2019-09-23,61.74491770468642,22.69314826231881,23.8686053094446,11.895389555793946,Nairobi/S5-so2-data/2019-09-23.jpeg,Nairobi/S5-no2-data/2019-09-23.jpeg,0.0275567658245563,0.0,0.1170170428231358
180,2019-09-25,65.78497671531065,22.71887025773982,23.64155888405676,11.757954849622395,Nairobi/S5-so2-data/2019-09-25.jpeg,Nairobi/S5-no2-data/2019-09-25.jpeg,0.0,0.0,0.1148219895549118
181,2019-09-27,73.52269629750805,21.07089824443078,22.840499087359987,13.208879934738183,Nairobi/S5-so2-data/2019-09-27.jpeg,Nairobi/S5-no2-data/2019-09-27.jpeg,0.0,0.0,0.1130092161086698
182,2019-09-28,60.332013954156224,23.617098387653773,23.17159204428857,11.455635980386692,Nairobi/S5-so2-data/2019-09-28.jpeg,Nairobi/S5-no2-data/2019-09-28.jpeg,0.0235630966722965,3.17343611359e-05,0.1149279368110001
183,2019-10-02,70.79334095101315,22.36325017189493,17.869287863552632,8.71535765169071,Nairobi/S5-so2-data/2019-10-02.jpeg,Nairobi/S5-no2-data/2019-10-02.jpeg,0.03420315310359,0.0,0.1154443731841941
184,2019-10-04,72.31357472556626,21.470806101010503,15.96418975808031,6.547217210875203,Nairobi/S5-so2-data/2019-10-04.jpeg,Nairobi/S5-no2-data/2019-10-04.jpeg,0.0327043086290359,0.0,0.114193399126331
185,2019-10-10,74.69814892647341,21.901962472813363,9.592710349986898,7.272922972711271,Nairobi/S5-so2-data/2019-10-10.jpeg,Nairobi/S5-no2-data/2019-10-10.jpeg,0.0273782555013895,1.36174649014e-05,0.1159217072029908
186,2019-10-12,81.80863370864589,20.644403206472703,10.123726443719931,7.105534529491755,Nairobi/S5-so2-data/2019-10-12.jpeg,Nairobi/S5-no2-data/2019-10-12.jpeg,0.0282770799472928,7.6328626619e-06,0.1170852486975491
187,2019-10-15,75.15390906685076,21.60076025431417,14.35777978775048,9.811990233821597,Nairobi/S5-so2-data/2019-10-15.jpeg,Nairobi/S5-no2-data/2019-10-15.jpeg,0.0,0.0,0.1169586658167342
188,2019-10-19,75.15859979925972,21.849281024881616,17.08511786323131,15.445524384297444,Nairobi/S5-so2-data/2019-10-19.jpeg,Nairobi/S5-no2-data/2019-10-19.jpeg,0.0,0.0,0.1152737207400302
189,2019-10-21,63.17144014076753,23.274888926300925,13.5196325931647,11.694178903174176,Nairobi/S5-so2-data/2019-10-21.jpeg,Nairobi/S5-no2-data/2019-10-21.jpeg,0.0212969865117754,1.44753072517e-05,0.1135045358290274
190,2019-10-24,66.43261160612539,23.08872319632041,12.618911284589128,10.3317016046366,Nairobi/S5-so2-data/2019-10-24.jpeg,Nairobi/S5-no2-data/2019-10-24.jpeg,0.0252725612372159,0.0,0.1159886798510948
191,2019-11-01,59.13770678905954,23.41316884102922,17.500287661346466,15.031051940647863,Nairobi/S5-so2-data/2019-11-01.jpeg,Nairobi/S5-no2-data/2019-11-01.jpeg,0.0,1.59720639909e-05,0.115654441062361
192,2019-11-03,57.829715666281935,23.417883602436333,18.454493076679885,16.284508264371716,Nairobi/S5-so2-data/2019-11-03.jpeg,Nairobi/S5-no2-data/2019-11-03.jpeg,0.0234689662853876,1.99772318266e-05,0.1180111449211835
193,2019-11-12,72.37436632008544,22.67752340926605,11.597907980941434,10.244083778646267,Nairobi/S5-so2-data/2019-11-12.jpeg,Nairobi/S5-no2-data/2019-11-12.jpeg,0.0263120199625308,0.0,0.1162008283038934
194,2019-11-21,63.996973724615245,24.64480352197272,16.499282804298577,14.214572130042558,Nairobi/S5-so2-data/2019-11-21.jpeg,Nairobi/S5-no2-data/2019-11-21.jpeg,0.0234769955277442,1.9172135263e-05,0.1135328838912149
195,2019-11-25,71.0460263062933,22.72177398216477,17.946806672159003,15.970718390532182,Nairobi/S5-so2-data/2019-11-25.jpeg,Nairobi/S5-no2-data/2019-11-25.jpeg,0.0260452869348227,0.0,0.1107841882233818
196,2019-11-26,78.96401205252157,21.66254481373217,14.425205021301538,13.034003051222744,Nairobi/S5-so2-data/2019-11-26.jpeg,Nairobi/S5-no2-data/2019-11-26.jpeg,0.0,2.88032310891e-05,0.1105679119937121
0,2021-08-07,75.16326530612245,19.4025974025974,26.24118738404453,16.961038961038962,Nakuru/S5-so2-data/2021-08-07.jpeg,Nakuru/S5-no2-data/2021-08-07.jpeg,0.0294346385635435,1.58172655346e-05,0.119736835733056
1,2021-08-11,70.18181818181819,20.31168831168831,17.19109461966605,10.554730983302411,Nakuru/S5-so2-data/2021-08-11.jpeg,Nakuru/S5-no2-data/2021-08-11.jpeg,0.0309731550514698,0.0,0.1172566510736942
2,2021-08-12,65.91666666666667,22.094444444444445,16.242592592592594,10.938888888888888,Nakuru/S5-so2-data/2021-08-12.jpeg,Nakuru/S5-no2-data/2021-08-12.jpeg,0.0267928075045347,1.78182859826e-05,0.1184296991676092
3,2021-08-14,70.70979667282809,19.02957486136784,20.54898336414048,14.269870609981515,Nakuru/S5-so2-data/2021-08-14.jpeg,Nakuru/S5-no2-data/2021-08-14.jpeg,0.0326684363186359,0.0,0.1204347815364599
4,2021-08-15,62.77818853974122,20.717190388170057,12.325323475046211,7.953789279112754,Nakuru/S5-so2-data/2021-08-15.jpeg,Nakuru/S5-no2-data/2021-08-15.jpeg,0.0,0.0,0.1174475596501277
5,2021-08-16,63.97222222222222,19.71296296296296,15.094444444444443,9.212962962962964,Nakuru/S5-so2-data/2021-08-16.jpeg,Nakuru/S5-no2-data/2021-08-16.jpeg,0.0,0.0,0.1164852607995271
6,2021-08-17,63.22077922077922,20.31539888682746,17.575139146567718,9.786641929499073,Nakuru/S5-so2-data/2021-08-17.jpeg,Nakuru/S5-no2-data/2021-08-17.jpeg,0.0237599632702767,8.5709438179e-06,0.1181505683809518
7,2021-08-19,77.67532467532467,18.634508348794064,22.00556586270872,14.38961038961039,Nakuru/S5-so2-data/2021-08-19.jpeg,Nakuru/S5-no2-data/2021-08-19.jpeg,0.0286529785953462,0.0,0.1211042653769254
8,2021-08-20,71.2462962962963,20.46296296296296,15.624074074074072,10.20925925925926,Nakuru/S5-so2-data/2021-08-20.jpeg,Nakuru/S5-no2-data/2021-08-20.jpeg,0.0,0.0,0.1190541215240955
9,2021-08-22,60.77859778597786,21.47970479704797,9.02025782688766,4.629834254143646,Nakuru/S5-so2-data/2021-08-22.jpeg,Nakuru/S5-no2-data/2021-08-22.jpeg,0.0235011845827102,8.6594616163e-06,0.1184015661478042
10,2021-08-23,54.55822550831793,21.65988909426987,9.953789279112756,4.105360443622921,Nakuru/S5-so2-data/2021-08-23.jpeg,Nakuru/S5-no2-data/2021-08-23.jpeg,0.0225734267383813,1.73648078657e-05,0.1160466939210892
11,2021-08-27,63.96118299445472,19.617375231053604,15.45101663585952,9.199630314232902,Nakuru/S5-so2-data/2021-08-27.jpeg,Nakuru/S5-no2-data/2021-08-27.jpeg,0.0227841292753031,5.2215538874e-06,0.1166973248124122
12,2021-09-01,77.21455223880596,19.307835820895523,24.33955223880597,16.436567164179106,Nakuru/S5-so2-data/2021-09-01.jpeg,Nakuru/S5-no2-data/2021-09-01.jpeg,0.0316007100045681,0.0,0.1202336225658655
13,2021-09-05,72.4037037037037,19.44074074074074,16.937037037037037,10.98148148148148,Nakuru/S5-so2-data/2021-09-05.jpeg,Nakuru/S5-no2-data/2021-09-05.jpeg,0.0267454579864677,0.0,0.119841419160366
14,2021-09-06,72.20370370370371,20.37407407407408,15.54074074074074,10.512962962962964,Nakuru/S5-so2-data/2021-09-06.jpeg,Nakuru/S5-no2-data/2021-09-06.jpeg,0.0,0.0,0.1180835857987403
15,2021-09-07,71.35250463821892,20.31168831168831,20.45269016697588,13.393320964749536,Nakuru/S5-so2-data/2021-09-07.jpeg,Nakuru/S5-no2-data/2021-09-07.jpeg,0.0253707789542043,6.7929577198e-06,0.1181383278220891
16,2021-09-08,73.45387453874538,19.8690036900369,14.739852398523984,8.957564575645756,Nakuru/S5-so2-data/2021-09-08.jpeg,Nakuru/S5-no2-data/2021-09-08.jpeg,0.0240554001770521,4.3741967298e-06,0.1158585421741008
17,2021-09-10,69.49074074074075,20.20925925925926,17.085185185185185,11.774074074074074,Nakuru/S5-so2-data/2021-09-10.jpeg,Nakuru/S5-no2-data/2021-09-10.jpeg,0.0,0.0,0.1173429854214191
18,2021-09-12,67.54089219330855,18.5092936802974,18.306691449814128,10.882899628252789,Nakuru/S5-so2-data/2021-09-12.jpeg,Nakuru/S5-no2-data/2021-09-12.jpeg,0.0,0.0,0.1164597775787115
19,2021-09-16,76.81918819188192,19.588560885608857,22.34254143646409,14.213627992633516,Nakuru/S5-so2-data/2021-09-16.jpeg,Nakuru/S5-no2-data/2021-09-16.jpeg,0.0,0.0,0.1137908080762083
20,2021-09-17,74.8970588235294,19.77573529411765,27.591911764705884,17.65625,Nakuru/S5-so2-data/2021-09-17.jpeg,Nakuru/S5-no2-data/2021-09-17.jpeg,0.0,0.0,0.1159549675881862
21,2021-09-18,85.11517367458866,18.56855575868373,13.974405850091408,9.740402193784275,Nakuru/S5-so2-data/2021-09-18.jpeg,Nakuru/S5-no2-data/2021-09-18.jpeg,0.0,0.0,0.1173782423138618
22,2021-09-22,78.68545454545455,18.72,19.53090909090909,11.790909090909093,Nakuru/S5-so2-data/2021-09-22.jpeg,Nakuru/S5-no2-data/2021-09-22.jpeg,0.0192731266671961,0.0,0.1154839806258678
23,2021-09-27,79.23508137432188,18.37613019891501,14.377938517179023,9.059674502712475,Nakuru/S5-so2-data/2021-09-27.jpeg,Nakuru/S5-no2-data/2021-09-27.jpeg,0.0,0.0,0.1205187819898128
24,2021-09-28,71.1754068716094,19.29475587703436,18.916666666666668,11.126811594202898,Nakuru/S5-so2-data/2021-09-28.jpeg,Nakuru/S5-no2-data/2021-09-28.jpeg,0.0,0.0,0.1190396249294281
25,2021-10-02,73.64036697247707,19.9908256880734,14.172477064220184,8.23302752293578,Nakuru/S5-so2-data/2021-10-02.jpeg,Nakuru/S5-no2-data/2021-10-02.jpeg,0.0,0.0,0.1185555476695299
26,2021-10-06,70.69158878504673,20.377570093457944,17.463551401869157,11.016822429906542,Nakuru/S5-so2-data/2021-10-06.jpeg,Nakuru/S5-no2-data/2021-10-06.jpeg,0.0245186686515808,7.9266753232e-06,0.116574291139841
27,2021-10-09,76.39891696750902,20.092057761732853,17.743682310469314,11.736462093862816,Nakuru/S5-so2-data/2021-10-09.jpeg,Nakuru/S5-no2-data/2021-10-09.jpeg,0.0238893553614616,0.0,0.11709522344172
28,2021-10-10,77.45787545787546,20.384615384615383,20.047531992687382,13.319926873857405,Nakuru/S5-so2-data/2021-10-10.jpeg,Nakuru/S5-no2-data/2021-10-10.jpeg,0.0,0.0,0.1167196054011583
29,2021-10-12,75.55758683729434,20.12797074954296,14.90310786106033,9.477148080438758,Nakuru/S5-so2-data/2021-10-12.jpeg,Nakuru/S5-no2-data/2021-10-12.jpeg,0.0268743338063359,0.0,0.1175542462617158
30,2021-10-13,81.82211538461539,18.620192307692307,21.60576923076923,14.653846153846152,Nakuru/S5-so2-data/2021-10-13.jpeg,Nakuru/S5-no2-data/2021-10-13.jpeg,0.0274294740520417,0.0,0.1164150591939687
31,2021-10-20,75.95412844036697,20.18899082568808,17.223853211009175,10.055045871559631,Nakuru/S5-so2-data/2021-10-20.jpeg,Nakuru/S5-no2-data/2021-10-20.jpeg,0.0,0.0,0.1188766360282898
32,2021-10-21,82.26960784313725,17.622549019607842,19.647058823529413,12.882352941176473,Nakuru/S5-so2-data/2021-10-21.jpeg,Nakuru/S5-no2-data/2021-10-21.jpeg,0.0203566408405701,0.0,0.1174852833151817
33,2021-10-28,87.14754098360656,15.721311475409836,20.311475409836067,11.62295081967213,Nakuru/S5-so2-data/2021-10-28.jpeg,Nakuru/S5-no2-data/2021-10-28.jpeg,0.0,0.0,0.1131267137825489
34,2021-10-29,81.30810810810812,16.135135135135137,19.88108108108108,10.83783783783784,Nakuru/S5-so2-data/2021-10-29.jpeg,Nakuru/S5-no2-data/2021-10-29.jpeg,0.0230004014447331,1.64277194666e-05,0.1166400495916605
35,2022-11-27,88.62149080348499,19.667957405614715,16.983988355167394,10.098495875788451,Nakuru/S5-so2-data/2022-11-27.jpeg,Nakuru/S5-no2-data/2022-11-27.jpeg,0.0,0.0,0.1224136665463447
36,2022-11-28,90.52270531400966,19.935265700483093,16.064657267865822,9.744287797763734,Nakuru/S5-so2-data/2022-11-28.jpeg,Nakuru/S5-no2-data/2022-11-28.jpeg,0.0280946269631385,1.2951234208e-05,0.1211631547659635
37,2022-12-04,97.71387559808612,18.46842105263158,12.916468913146652,7.703369719981016,Nakuru/S5-so2-data/2022-12-04.jpeg,Nakuru/S5-no2-data/2022-12-04.jpeg,0.0255613233894109,0.0,0.1232545990496874
38,2022-12-08,97.58866544789764,18.213893967093234,15.575091575091577,9.673992673992672,Nakuru/S5-so2-data/2022-12-08.jpeg,Nakuru/S5-no2-data/2022-12-08.jpeg,0.0,0.0,0.121496108174324
39,2022-12-09,99.50639853747715,18.06581352833638,18.691042047532,11.561243144424132,Nakuru/S5-so2-data/2022-12-09.jpeg,Nakuru/S5-no2-data/2022-12-09.jpeg,0.0,0.0,0.1206791050732135
40,2022-12-12,97.1686507936508,18.418650793650794,15.470238095238097,9.47222222222222,Nakuru/S5-so2-data/2022-12-12.jpeg,Nakuru/S5-no2-data/2022-12-12.jpeg,0.0258557654239914,0.0,0.1211231164634227
41,2022-12-13,94.64208633093526,18.544964028776977,16.623423423423425,9.70990990990991,Nakuru/S5-so2-data/2022-12-13.jpeg,Nakuru/S5-no2-data/2022-12-13.jpeg,0.0269220480695366,1.20562969338e-05,0.1226554922759532
42,2022-12-14,81.21014492753623,19.496376811594203,19.536231884057973,11.67572463768116,Nakuru/S5-so2-data/2022-12-14.jpeg,Nakuru/S5-no2-data/2022-12-14.jpeg,0.0236555684357881,6.9386571908e-06,0.1217656455934047
43,2022-12-15,81.64285714285714,19.87545787545788,17.204753199268737,9.26508226691042,Nakuru/S5-so2-data/2022-12-15.jpeg,Nakuru/S5-no2-data/2022-12-15.jpeg,0.0255511810905054,1.2444456388e-06,0.1215882968157529
44,2022-12-16,84.88586956521739,19.69746376811594,22.94927536231884,10.983695652173912,Nakuru/S5-so2-data/2022-12-16.jpeg,Nakuru/S5-no2-data/2022-12-16.jpeg,0.0245966771617531,7.9364044722e-06,0.1219906356185674
45,2022-12-19,81.62984496124031,20.92829457364341,20.0,10.275193798449612,Nakuru/S5-so2-data/2022-12-19.jpeg,Nakuru/S5-no2-data/2022-12-19.jpeg,0.0252807214856147,0.0,0.1208326380699873
46,2022-12-21,87.39359698681733,20.21845574387948,25.67984934086629,12.772128060263654,Nakuru/S5-so2-data/2022-12-21.jpeg,Nakuru/S5-no2-data/2022-12-21.jpeg,0.0,0.0,0.1212992336601018
47,2022-12-24,89.7956204379562,21.0492700729927,23.605839416058394,12.762773722627736,Nakuru/S5-so2-data/2022-12-24.jpeg,Nakuru/S5-no2-data/2022-12-24.jpeg,0.0,0.0,0.1205228433012962
48,2022-12-25,86.6307129798903,21.29981718464351,14.979890310786104,8.46800731261426,Nakuru/S5-so2-data/2022-12-25.jpeg,Nakuru/S5-no2-data/2022-12-25.jpeg,0.0237362589687109,0.0,0.1194066900759935
49,2022-12-26,91.66240875912408,20.715328467153284,15.341240875912408,9.215328467153284,Nakuru/S5-so2-data/2022-12-26.jpeg,Nakuru/S5-no2-data/2022-12-26.jpeg,0.022212354466319,9.1300418846e-06,0.1184847362339496
50,2022-12-27,99.2870201096892,19.80073126142596,12.351005484460694,7.93418647166362,Nakuru/S5-so2-data/2022-12-27.jpeg,Nakuru/S5-no2-data/2022-12-27.jpeg,0.025840500369668,0.0,0.1157817836850881
51,2022-12-29,80.28884826325411,20.41681901279708,11.407678244972578,5.235831809872029,Nakuru/S5-so2-data/2022-12-29.jpeg,Nakuru/S5-no2-data/2022-12-29.jpeg,0.0278429623693227,0.0,0.1186001800000667
52,2022-12-30,77.6029411764706,20.113970588235293,16.68198529411765,8.411764705882353,Nakuru/S5-so2-data/2022-12-30.jpeg,Nakuru/S5-no2-data/2022-12-30.jpeg,0.0250548704527318,1.04030447346e-05,0.1188628565520048
53,2023-01-01,76.72212065813528,20.681901279707496,17.378427787934186,7.691042047531993,Nakuru/S5-so2-data/2023-01-01.jpeg,Nakuru/S5-no2-data/2023-01-01.jpeg,0.0239558368921279,7.0631475637e-06,0.1185807805508375
54,2023-01-02,81.21739130434783,20.31947069943289,9.092452830188678,3.666037735849057,Nakuru/S5-so2-data/2023-01-02.jpeg,Nakuru/S5-no2-data/2023-01-02.jpeg,0.0242296406067907,0.0,0.1189422868192195
55,2023-01-03,99.31743119266056,18.88440366972477,13.1651376146789,6.242201834862385,Nakuru/S5-so2-data/2023-01-03.jpeg,Nakuru/S5-no2-data/2023-01-03.jpeg,0.0258388616144657,0.0,0.1186593480408192
56,2023-01-04,88.94363636363636,19.536363636363635,13.365454545454543,5.361818181818182,Nakuru/S5-so2-data/2023-01-04.jpeg,Nakuru/S5-no2-data/2023-01-04.jpeg,0.0,0.0,0.1175967954099178
57,2023-01-05,79.9926873857404,19.0,14.26691042047532,5.594149908592322,Nakuru/S5-so2-data/2023-01-05.jpeg,Nakuru/S5-no2-data/2023-01-05.jpeg,0.0,0.0,0.1176131721585989
58,2023-01-08,80.62894248608535,20.760667903525047,12.126159554730984,5.326530612244898,Nakuru/S5-so2-data/2023-01-08.jpeg,Nakuru/S5-no2-data/2023-01-08.jpeg,0.026702357456088,0.0,0.1184026408940553
59,2023-01-09,91.47777777777776,19.562962962962963,13.927777777777775,7.051851851851852,Nakuru/S5-so2-data/2023-01-09.jpeg,Nakuru/S5-no2-data/2023-01-09.jpeg,0.0,0.0,0.1198256324976682
60,2023-01-10,82.0204081632653,20.283858998144712,17.333951762523192,9.309833024118738,Nakuru/S5-so2-data/2023-01-10.jpeg,Nakuru/S5-no2-data/2023-01-10.jpeg,0.0246803982183337,0.0,0.1190634343773126
61,2023-01-12,77.42671614100186,20.38404452690167,15.415584415584416,7.721706864564007,Nakuru/S5-so2-data/2023-01-12.jpeg,Nakuru/S5-no2-data/2023-01-12.jpeg,0.0225382289849221,1.16407557773e-05,0.1184139490127563
62,2023-01-13,69.45185185185186,20.344444444444445,20.37407407407408,9.1,Nakuru/S5-so2-data/2023-01-13.jpeg,Nakuru/S5-no2-data/2023-01-13.jpeg,0.0232865796941849,5.7409643517e-06,0.1190815322101116
63,2023-01-14,68.57328385899814,20.56586270871985,22.855287569573285,10.840445269016698,Nakuru/S5-so2-data/2023-01-14.jpeg,Nakuru/S5-no2-data/2023-01-14.jpeg,0.0259171675890684,1.0093033461e-05,0.1189719140529632
64,2023-01-15,69.6358595194085,20.90388170055453,17.153419593345657,7.399260628465804,Nakuru/S5-so2-data/2023-01-15.jpeg,Nakuru/S5-no2-data/2023-01-15.jpeg,0.0218416799791157,7.8160528119e-06,0.1173441119492054
65,2023-01-16,68.08272058823529,20.78492647058824,21.79633027522936,8.192660550458715,Nakuru/S5-so2-data/2023-01-16.jpeg,Nakuru/S5-no2-data/2023-01-16.jpeg,0.025710920151323,7.1935820699e-06,0.1171216506510973
66,2023-01-19,58.15384615384615,23.246153846153845,23.96043956043956,7.874725274725274,Nakuru/S5-so2-data/2023-01-19.jpeg,Nakuru/S5-no2-data/2023-01-19.jpeg,0.0232977549312636,1.1764728606e-05,0.1159397155046462
67,2023-01-20,67.97037037037038,21.862962962962964,18.83888888888889,6.483333333333333,Nakuru/S5-so2-data/2023-01-20.jpeg,Nakuru/S5-no2-data/2023-01-20.jpeg,0.0234936529770493,6.3627138128e-06,0.1156699128448963
68,2023-01-21,67.09276437847866,21.82931354359926,17.827458256029686,5.77365491651206,Nakuru/S5-so2-data/2023-01-21.jpeg,Nakuru/S5-no2-data/2023-01-21.jpeg,0.0262137345969677,7.5119279131e-06,0.1166278086602687
69,2023-01-23,73.77179962894249,21.092764378478662,21.98886827458256,7.844155844155843,Nakuru/S5-so2-data/2023-01-23.jpeg,Nakuru/S5-no2-data/2023-01-23.jpeg,0.0188657005170458,0.0,0.1164564225822687
70,2023-02-07,65.68022181146026,22.609981515711645,20.820702402957487,8.134935304990758,Nakuru/S5-so2-data/2023-02-07.jpeg,Nakuru/S5-no2-data/2023-02-07.jpeg,0.0241892036488827,2.254547566e-06,0.1155500538647174
71,2023-02-10,63.59926470588236,22.47242647058824,27.51465201465201,11.567765567765568,Nakuru/S5-so2-data/2023-02-10.jpeg,Nakuru/S5-no2-data/2023-02-10.jpeg,0.0,7.9657969308e-06,0.1155515413731336
72,2023-02-12,60.22532588454376,22.00372439478585,23.178770949720672,8.283054003724395,Nakuru/S5-so2-data/2023-02-12.jpeg,Nakuru/S5-no2-data/2023-02-12.jpeg,0.0222054769285023,2.2764226883e-06,0.1177425324916839
73,2023-02-14,64.09833024118738,22.8886827458256,43.04638218923933,16.230055658627087,Nakuru/S5-so2-data/2023-02-14.jpeg,Nakuru/S5-no2-data/2023-02-14.jpeg,0.0267137077637016,5.6236960182e-06,0.1170145612210035
74,2023-02-15,66.58302583025831,22.96309963099631,38.564575645756456,16.922509225092252,Nakuru/S5-so2-data/2023-02-15.jpeg,Nakuru/S5-no2-data/2023-02-15.jpeg,0.0301447015255689,0.0,0.1194101773202419
75,2023-02-16,67.37340619307832,23.207650273224044,38.32664233576642,15.33941605839416,Nakuru/S5-so2-data/2023-02-16.jpeg,Nakuru/S5-no2-data/2023-02-16.jpeg,0.0333266966044902,0.0,0.1177082918584346
76,2023-02-17,62.85,22.72222222222222,31.37037037037037,12.274074074074074,Nakuru/S5-so2-data/2023-02-17.jpeg,Nakuru/S5-no2-data/2023-02-17.jpeg,0.0266686966642737,7.7701691744e-06,0.1173802364617586
77,2023-02-20,61.5529197080292,22.748175182481752,30.423357664233578,12.45985401459854,Nakuru/S5-so2-data/2023-02-20.jpeg,Nakuru/S5-no2-data/2023-02-20.jpeg,0.0,1.15983638806e-05,0.1187106654047965
78,2023-02-21,59.88203266787659,22.491833030852995,34.382246376811594,13.048913043478262,Nakuru/S5-so2-data/2023-02-21.jpeg,Nakuru/S5-no2-data/2023-02-21.jpeg,0.0273575668223202,1.42420318525e-05,0.1167666256427764
79,2023-02-22,61.58639705882353,23.46875,26.88235294117647,9.03125,Nakuru/S5-so2-data/2023-02-22.jpeg,Nakuru/S5-no2-data/2023-02-22.jpeg,0.02720452491194,8.0323082755e-06,0.1156825464218855
